{
  "project_info": {
    "project_number": "51048253579",
    "firebase_url": "https://it-project-artifact.firebaseio.com",
    "project_id": "it-project-artifact",
    "storage_bucket": "it-project-artifact.appspot.com"
  },
  "client": [
    {
      "client_info": {
        "mobilesdk_app_id": "1:51048253579:android:404c89cafb75b4c3",
        "android_client_info": {
          "package_name": "com.example.family_artifact_register"
        }
      },
      "oauth_client": [
        {
          "client_id": "51048253579-38in11df48p5dgtvj06vlg2scoh8po7q.apps.googleusercontent.com",
          "client_type": 3
        }
      ],
      "api_key": [
        {
          "current_key": "AIzaSyA66oCNeiJ6dEcPb03FpOt6qXWD2-eVMlo"
        }
      ],
      "services": {
        "appinvite_service": {
          "other_platform_oauth_client": [
            {
              "client_id": "51048253579-38in11df48p5dgtvj06vlg2scoh8po7q.apps.googleusercontent.com",
              "client_type": 3
            }
          ]
        }
      }
    }
  ],
  "configuration_version": "1"
}